{"cameraMode":{"drawMode":0,"name":"Shaded","section":"Shading Mode"},"sceneLighting":false,"audioPlay":false,"sceneViewState":{"showFog":true,"showMaterialUpdate":false,"showSkybox":false,"showFlares":true,"showImageEffects":true,"showParticleSystems":true},"in2DMode":false,"pivot":{"x":-0.12057165801525116,"y":0.20471641421318055,"z":-0.027052558958530427},"rotation":{"x":-0.13631561398506165,"y":0.1953747421503067,"z":-0.027434900403022767,"w":-0.9708272218704224},"size":0.648480236530304,"orthographic":false}