{"cameraMode":{"drawMode":0,"name":"Shaded","section":"Shading Mode"},"sceneLighting":true,"audioPlay":false,"sceneViewState":{"showFog":true,"showMaterialUpdate":false,"showSkybox":true,"showFlares":true,"showImageEffects":true,"showParticleSystems":true},"in2DMode":false,"pivot":{"x":-0.05859375,"y":142.39512634277345,"z":142.56005859375},"rotation":{"x":0.037457603961229327,"y":0.042551249265670779,"z":0.0015937763964757324,"w":-0.9983961582183838},"size":529.9630737304688,"orthographic":false}