{"cameraMode":{"drawMode":0,"name":"Shaded","section":"Shading Mode"},"sceneLighting":true,"audioPlay":false,"sceneViewState":{"showFog":true,"showMaterialUpdate":false,"showSkybox":true,"showFlares":true,"showImageEffects":true,"showParticleSystems":true},"in2DMode":false,"pivot":{"x":275.7447204589844,"y":98.27729034423828,"z":47.89593505859375},"rotation":{"x":0.026917465031147004,"y":-0.07639778405427933,"z":0.00206567719578743,"w":0.9967141151428223},"size":393.877685546875,"orthographic":false}