{"cameraMode":{"drawMode":0,"name":"Shaded","section":"Shading Mode"},"sceneLighting":true,"audioPlay":false,"sceneViewState":{"showFog":true,"showMaterialUpdate":false,"showSkybox":true,"showFlares":true,"showImageEffects":true,"showParticleSystems":true},"in2DMode":false,"pivot":{"x":-18.17915916442871,"y":-15.438617706298829,"z":-40.579254150390628},"rotation":{"x":0.2069730907678604,"y":-0.01379641517996788,"z":0.002916243625804782,"w":0.9782487154006958},"size":119.41201782226563,"orthographic":false}