{"cameraMode":{"drawMode":0,"name":"Shaded","section":"Shading Mode"},"sceneLighting":true,"audioPlay":false,"sceneViewState":{"showFog":true,"showMaterialUpdate":false,"showSkybox":true,"showFlares":true,"showImageEffects":true,"showParticleSystems":true},"in2DMode":false,"pivot":{"x":-63.388004302978519,"y":-55.113582611083987,"z":6.553337097167969},"rotation":{"x":-0.31294089555740359,"y":0.27304479479789736,"z":-0.09444399178028107,"w":-0.9047690629959106},"size":134.69935607910157,"orthographic":false}