{"cameraMode":{"drawMode":0,"name":"Shaded","section":"Shading Mode"},"sceneLighting":true,"audioPlay":false,"sceneViewState":{"showFog":true,"showMaterialUpdate":false,"showSkybox":true,"showFlares":true,"showImageEffects":true,"showParticleSystems":true},"in2DMode":false,"pivot":{"x":-14.306252479553223,"y":9.18211841583252,"z":-60.01344680786133},"rotation":{"x":-0.14647148549556733,"y":-0.002381068654358387,"z":0.00035148169263266027,"w":-0.9892171025276184},"size":12.356138229370118,"orthographic":false}