{"cameraMode":{"drawMode":0,"name":"Shaded","section":"Shading Mode"},"sceneLighting":true,"audioPlay":false,"sceneViewState":{"showFog":true,"showMaterialUpdate":false,"showSkybox":true,"showFlares":true,"showImageEffects":true,"showParticleSystems":true},"in2DMode":false,"pivot":{"x":-14.210142135620118,"y":-1.7811412811279297,"z":-40.710479736328128},"rotation":{"x":0.281833678483963,"y":-0.07044108957052231,"z":0.020752234384417535,"w":0.956649661064148},"size":33.98675537109375,"orthographic":false}