{"cameraMode":{"drawMode":0,"name":"Shaded","section":"Shading Mode"},"sceneLighting":true,"audioPlay":false,"sceneViewState":{"showFog":true,"showMaterialUpdate":false,"showSkybox":true,"showFlares":true,"showImageEffects":true,"showParticleSystems":true},"in2DMode":false,"pivot":{"x":11.438270568847657,"y":-141.2245635986328,"z":20.032386779785158},"rotation":{"x":0.6422910690307617,"y":0.005284594837576151,"z":-0.004434304311871529,"w":0.7664350271224976},"size":403.3990783691406,"orthographic":false}