{"cameraMode":{"drawMode":0,"name":"Shaded","section":"Shading Mode"},"sceneLighting":true,"audioPlay":false,"sceneViewState":{"showFog":true,"showMaterialUpdate":false,"showSkybox":true,"showFlares":true,"showImageEffects":true,"showParticleSystems":true},"in2DMode":false,"pivot":{"x":-1.464756727218628,"y":-23.5740966796875,"z":38.56562042236328},"rotation":{"x":-0.19815795123577119,"y":-0.014411544427275658,"z":0.0029138673562556507,"w":-0.9800601005554199},"size":130.1444549560547,"orthographic":false}