{"cameraMode":{"drawMode":0,"name":"Shaded","section":"Shading Mode"},"sceneLighting":true,"audioPlay":false,"sceneViewState":{"showFog":true,"showMaterialUpdate":false,"showSkybox":true,"showFlares":true,"showImageEffects":true,"showParticleSystems":true},"in2DMode":false,"pivot":{"x":-50.28101348876953,"y":7.170259475708008,"z":202.54666137695313},"rotation":{"x":0.04191180691123009,"y":-0.059911664575338367,"z":0.002518401248380542,"w":0.9973224997520447},"size":410.9268493652344,"orthographic":false}